Arts and Humanities, ARTS, DRAM, MUEN, MUSI, MUAP, SPCH, MUSC, MUSB
Biological and Physical Sciences, BIOL, CHEM, SCIT, GEOG, GEOL, PHYS
Education and Kinesiology, PHED, EDUC, CDEC, TECA
Arts and Humanities, ENGL, READ, SPAN, INRW
Mathematics and Engineering, MATH, ENGR
Arts and Humanities, BIBL, GOVT, HIST, HUMA, PHIL, PSYC, SOCI, ECON
Advanced Manufacturing, DFTG, INMT, ABDR, HART, NDTE, WLDG, MCHN
Business and Technology, ACCT, ACNT, BNKG, INSR, AGCR, AGMG, BCIS, BMGT, BUSG, BUSI, HRPO, MRKG, CPMT, EECT, ITCC, ITNW, ITSC, ITSY, COSC, ARTC, ARTV, IMED, ITSE, ITSW, TECM, LSKL, HITT, MRMT, POFI, POFM, POFT, COLL, ORIE
Career and Human Services, CSME, CHEF, HAMG, IFWS, PSTR, RSTO, CJSA, CRIJ, DAAC, SCWK, FORS, CJLE, FDST, HALT, IFWA, TRVM
Health Sciences, RADR, DNTA, EMSP, HPRS, RNSG
South Campus, PLAB, MLAB, VNSG, CNBT, ELPT, ELTN, IEIR, OSHT
